"Key","Context","EN"
"Climate.TimeStepLimit","","crwdns6336:0crwdne6336:0"
"Climate.TimeStepLimitEnabled","","crwdns6337:0crwdne6337:0"
"Climate.CarbonDioxidePPMV","","crwdns6338:0crwdne6338:0"
"Climate.CarbonDioxidePPMV_TOOLTIP","","crwdns6339:0crwdne6339:0"
"Climate.CarbonDioxideGigaton","","crwdns6340:0crwdne6340:0"
"Climate.CarbonDioxideGigaton_TOOLTIP","","crwdns6341:0crwdne6341:0"
"Climate.UseClimateScenario","","crwdns6342:0crwdne6342:0"
"Climate.IncrementCO2","","crwdns6343:0crwdne6343:0"
"Climate.EmissionRateCO2","","crwdns6344:0crwdne6344:0"
"Climate.DepositionRateCO2","","crwdns6345:0crwdne6345:0"
"Climate.InfraredB","","crwdns6346:0crwdne6346:0"
"Climate.DiffusionConstMagnitude","","crwdns6347:0crwdne6347:0"
"Climate.HadleyFlag","","crwdns6348:0crwdne6348:0"
"Climate.LandHeatCapacity","","crwdns6349:0crwdne6349:0"
"Climate.WaterHeatCapacity","","crwdns6350:0crwdne6350:0"
"Climate.CouplingCoefficient","","crwdns6351:0crwdne6351:0"
"Climate.AlbedoFlag","","crwdns6352:0crwdne6352:0"
"Climate.ResetFlag","","crwdns6353:0crwdne6353:0"
"CompositePhases.AverageTemperature","","crwdns6354:0crwdne6354:0"
"CompositePhases.LiquidVolume","","crwdns6355:0crwdne6355:0"
"CompositePhases.FrozenVolume","","crwdns6356:0crwdne6356:0"
"CompositePhases.VaporVolume","","crwdns6357:0crwdne6357:0"
"IAutomataData.WaterLevel","","crwdns6358:0crwdne6358:0"
"PlanetaryTemperature.AverageTemperature","","crwdns6359:0crwdne6359:0"
"PlanetaryTemperature.Greenhouse","","crwdns6360:0crwdne6360:0"
"PlanetaryTemperature.OpticalDepth","","crwdns6361:0crwdne6361:0"
"PlanetaryTemperature.RadiativeHeat","","crwdns6362:0crwdne6362:0"
"PlanetaryTemperature.CoolingFactor","","crwdns6363:0crwdne6363:0"
"PlanetaryTemperature.HeatTransport","","crwdns6364:0crwdne6364:0"
"PlanetaryTemperature.HeatCapacity","","crwdns6365:0crwdne6365:0"
"PlanetaryTemperature.Beta","","crwdns6366:0crwdne6366:0"
"PlanetaryTemperature.Albedo","","crwdns6367:0crwdne6367:0"
"ShaderOutput.FilterOutput","","crwdns6368:0crwdne6368:0"
"Body.Attractor","","crwdns6369:0crwdne6369:0"
"Body.Attractor_TOOLTIP","","crwdns6370:0crwdne6370:0"
"Body.OrbitParent","","crwdns6371:0crwdne6371:0"
"Body.OrbitParent_TOOLTIP","","crwdns6372:0crwdne6372:0"
"Body.Age","","crwdns6373:0crwdne6373:0"
"Body.Age_TOOLTIP","Context = The age of the body","crwdns6374:0crwdne6374:0"
"Body.SurfaceGravity","","crwdns6375:0crwdne6375:0"
"Body.SurfaceGravity_TOOLTIP","","crwdns6376:0crwdne6376:0"
"Body.RotationSpeedAtEquator","","crwdns6377:0crwdne6377:0"
"Body.RotationSpeedAtEquator_TOOLTIP","","crwdns6378:0crwdne6378:0"
"Body.RadialVelocity","","crwdns6379:0crwdne6379:0"
"Body.RadialVelocity_TOOLTIP","","crwdns6380:0crwdne6380:0"
"Body.NormalizedLightCurve","","crwdns6381:0crwdne6381:0"
"Body.NormalizedLightCurve_TOOLTIP","","crwdns6382:0crwdne6382:0"
"Body.CameraInclination","","crwdns6383:0crwdne6383:0"
"Body.CameraInclination_TOOLTIP","","crwdns6384:0crwdne6384:0"
"Body.CameraAzimuth","","crwdns6385:0crwdne6385:0"
"Body.CameraAzimuth_TOOLTIP","","crwdns6386:0crwdne6386:0"
"Body.GravityGroup","","crwdns6387:0crwdne6387:0"
"Body.AngularVelocity","","crwdns6388:0crwdne6388:0"
"Body.RotationAxis","","crwdns6389:0crwdne6389:0"
"Body.RotationPeriod","","crwdns6390:0crwdne6390:0"
"Body.RotationPeriod_TOOLTIP","","crwdns6391:0crwdne6391:0"
"Body.OrientationReadable","","crwdns6392:0crwdne6392:0"
"Body.Yaw","","crwdns6393:0crwdne6393:0"
"Body.Density","","crwdns6394:0crwdne6394:0"
"Body.Density_TOOLTIP","","crwdns6395:0crwdne6395:0"
"Body.Radius","","crwdns6396:0crwdne6396:0"
"Body.Radius_TOOLTIP","","crwdns6397:0crwdne6397:0"
"Body.RocheLobeRadius","","crwdns6398:0crwdne6398:0"
"Body.RocheLobeRadius_TOOLTIP","","crwdns6399:0crwdne6399:0"
"Body.TidalStressDirection","","crwdns6400:0crwdne6400:0"
"Body.TidalStressDirection_TOOLTIP","","crwdns6401:0crwdne6401:0"
"Body.TidalStressMagnitude","","crwdns6402:0crwdne6402:0"
"Body.TidalStressMagnitude_TOOLTIP","","crwdns6403:0crwdne6403:0"
"Body.TidalHeatingEffect","","crwdns6404:0crwdne6404:0"
"Body.TidalHeatingEffect_TOOLTIP","","crwdns6405:0crwdne6405:0"
"Body.TidalHeatingEffectPerMass","","crwdns6406:0crwdne6406:0"
"Body.TidalHeatingEffectPerMass_TOOLTIP","","crwdns6407:0crwdne6407:0"
"Body.Mass","","crwdns6408:0crwdne6408:0"
"Body.Mass_TOOLTIP","","crwdns6409:0crwdne6409:0"
"Body.DistanceToHost","","crwdns6410:0crwdne6410:0"
"Body.DistanceToHost_TOOLTIP","","crwdns6411:0crwdne6411:0"
"Body.DistanceToOrbitalParent","","crwdns6412:0crwdne6412:0"
"Body.DistanceToOrbitalParent_TOOLTIP","","crwdns6413:0crwdne6413:0"
"Body.Velocity","","crwdns6414:0crwdne6414:0"
"Body.VelocityLength","","crwdns6415:0crwdne6415:0"
"Body.VelocityLength_TOOLTIP","","crwdns6416:0crwdne6416:0"
"Body.VelocityRelativeLength","","crwdns6417:0crwdne6417:0"
"Body.VelocityRelativeLength_TOOLTIP","","crwdns6418:0crwdne6418:0"
"Body.LockRotation","","crwdns6419:0crwdne6419:0"
"Body.LockPosition","","crwdns6420:0crwdne6420:0"
"Body.BodyFlagAttracting","","crwdns6421:0crwdne6421:0"
"Body.BodyFlagAttracted","","crwdns6422:0crwdne6422:0"
"Body.BodyFlagCollider","","crwdns6423:0crwdne6423:0"
"Body.BodyFlagMomentumless","","crwdns6424:0crwdne6424:0"
"Body.BodyFlagInvertedGravity","","crwdns6425:0crwdne6425:0"
"Body.BodyFlagColliderGroupMajor","","crwdns6426:0crwdne6426:0"
"Body.BodyFlagFragmenting","","crwdns6427:0crwdne6427:0"
"Body.BodyFlagWantOrbit","","crwdns6428:0crwdne6428:0"
"Body.ToggleTrailComponent","","crwdns6429:0crwdne6429:0"
"Body.DistanceToClosestStar","","crwdns6430:0crwdne6430:0"
"Body.EscapeVelocityFromSurface","","crwdns6431:0crwdne6431:0"
"Body.EscapeVelocityFromSurface_TOOLTIP","","crwdns6432:0crwdne6432:0"
"Body.BHSpin","","crwdns6433:0crwdne6433:0"
"Body.DistanceToCamera","","crwdns6434:0crwdne6434:0"
"AppearanceComponent.ScaleMag","","crwdns6435:0crwdne6435:0"
"AppearanceComponent.ScaleMag_TOOLTIP","","crwdns6436:0crwdne6436:0"
"AppearanceComponent.ShowMagneticField","","crwdns6437:0crwdne6437:0"
"AppearanceComponent.ShowMagneticField_TOOLTIP","","crwdns6438:0crwdne6438:0"
"AppearanceComponent.ShowMagAxis","","crwdns6439:0crwdne6439:0"
"AppearanceComponent.ShowMagAxis_TOOLTIP","","crwdns6440:0crwdne6440:0"
"AutomataComponent.Enabled","","crwdns6441:0crwdne6441:0"
"AutomataComponent.DisplayMode","","crwdns6442:0crwdne6442:0"
"AutomataComponent.ShowGrid","","crwdns6443:0crwdne6443:0"
"Celestial.Luminosity","","crwdns6444:0crwdne6444:0"
"Celestial.Luminosity_TOOLTIP","","crwdns6445:0crwdne6445:0"
"Celestial.EmissivityIR","","crwdns6446:0crwdne6446:0"
"Celestial.SurfaceTemperature","","crwdns6447:0crwdne6447:0"
"Celestial.SurfaceTemperature_TOOLTIP","","crwdns6448:0crwdne6448:0"
"Celestial.VisualTemperature","","crwdns6449:0crwdne6449:0"
"Celestial.VisualTemperature_TOOLTIP","","crwdns6450:0crwdne6450:0"
"Celestial.TidalPower","","crwdns6451:0crwdne6451:0"
"Celestial.TidalPower_TOOLTIP","","crwdns6452:0crwdne6452:0"
"Celestial.GreenhouseEffect","","crwdns6453:0crwdne6453:0"
"Celestial.GreenhouseEffect_TOOLTIP","","crwdns6454:0crwdne6454:0"
"Celestial.EffectiveTemperature","","crwdns6455:0crwdne6455:0"
"Celestial.EffectiveTemperature_TOOLTIP","","crwdns6456:0crwdne6456:0"
"Celestial.AtmosphereMass","","crwdns6457:0crwdne6457:0"
"Celestial.AtmosphereMass_TOOLTIP","","crwdns6458:0crwdne6458:0"
"Celestial.SurfacePressure","","crwdns6459:0crwdne6459:0"
"Celestial.SurfacePressure_TOOLTIP","","crwdns6460:0crwdne6460:0"
"Celestial.EarthSimilarityIndex","","crwdns6461:0crwdne6461:0"
"Celestial.EarthSimilarityIndex_TOOLTIP","","crwdns6462:0crwdne6462:0"
"Celestial.LifeLikelihood","","crwdns6463:0crwdne6463:0"
"Celestial.LifeLikelihood_TOOLTIP","","crwdns6464:0crwdne6464:0"
"Celestial.ScaleHeight","","crwdns6465:0crwdne6465:0"
"Celestial.Albedo","","crwdns6466:0crwdne6466:0"
"Celestial.Albedo_TOOLTIP","","crwdns6467:0crwdne6467:0"
"Celestial.RadiusTuningFactor","","crwdns6468:0crwdne6468:0"
"Celestial.RadiusTuningFactor_TOOLTIP","","crwdns6469:0crwdne6469:0"
"Celestial.LightPower","","crwdns6470:0crwdne6470:0"
"Celestial.LightPower_TOOLTIP","","crwdns6471:0crwdne6471:0"
"Celestial.MagneticField","","crwdns6472:0crwdne6472:0"
"Celestial.MagneticField_TOOLTIP","","crwdns6473:0crwdne6473:0"
"Celestial.MagPoleAngle","","crwdns6474:0crwdne6474:0"
"Celestial.MagPoleAngle_TOOLTIP","","crwdns6475:0crwdne6475:0"
"Celestial.OpticalDepth","","crwdns6476:0crwdne6476:0"
"Celestial.GreenhouseTemp","","crwdns6477:0crwdne6477:0"
"Celestial.Beta","","crwdns6478:0crwdne6478:0"
"Celestial.MassLoss","","crwdns6479:0crwdne6479:0"
"Celestial.MassLoss_TOOLTIP","","crwdns6480:0crwdne6480:0"
"Celestial.MassLossTotal","","crwdns6481:0crwdne6481:0"
"Celestial.MassLossTotal_TOOLTIP","","crwdns6482:0crwdne6482:0"
"Celestial.AtmosphereHeightMultiplier","","crwdns6483:0crwdne6483:0"
"Celestial.Realistic","","crwdns6484:0crwdne6484:0"
"Celestial.Realistic_TOOLTIP","","crwdns6485:0crwdne6485:0"
"ClimateComponent.Enabled","","crwdns6486:0crwdne6486:0"
"ClimateComponent.Enabled_TOOLTIP","","crwdns6487:0crwdne6487:0"
"ClimateComponent.TimeStepLimit","","crwdns6488:0crwdne6488:0"
"ClimateComponent.TimeStepLimitEnabled","","crwdns6489:0crwdne6489:0"
"ClimateComponent.TimeStepLimitEnabled_TOOLTIP","","crwdns6490:0crwdne6490:0"
"ClimateComponent.PresentClimateResolution","","crwdns6491:0crwdne6491:0"
"ClimateComponent.CarbonDioxidePPMV","","crwdns6492:0crwdne6492:0"
"ClimateComponent.CarbonDioxidePPMV_TOOLTIP","","crwdns6493:0crwdne6493:0"
"ClimateComponent.CarbonDioxideGigaton","","crwdns6494:0crwdne6494:0"
"ClimateComponent.CarbonDioxideGigaton_TOOLTIP","","crwdns6495:0crwdne6495:0"
"ClimateComponent.UseClimateScenario","","crwdns6496:0crwdne6496:0"
"ClimateComponent.UseClimateScenario_TOOLTIP","","crwdns6497:0crwdne6497:0"
"ClimateComponent.IncrementCO2","","crwdns6498:0crwdne6498:0"
"ClimateComponent.IncrementCO2_TOOLTIP","","crwdns6499:0crwdne6499:0"
"ClimateComponent.EmissionRateCO2","","crwdns6500:0crwdne6500:0"
"ClimateComponent.EmissionRateCO2_TOOLTIP","","crwdns6501:0crwdne6501:0"
"ClimateComponent.DepositionRateCO2","","crwdns6502:0crwdne6502:0"
"ClimateComponent.DepositionRateCO2_TOOLTIP","","crwdns6503:0crwdne6503:0"
"ClimateComponent.InfraredB","","crwdns6504:0crwdne6504:0"
"ClimateComponent.DiffusionConstMagnitude","","crwdns6505:0crwdne6505:0"
"ClimateComponent.HadleyFlag","","crwdns6506:0crwdne6506:0"
"ClimateComponent.LandHeatCapacity","","crwdns6507:0crwdne6507:0"
"ClimateComponent.WaterHeatCapacity","","crwdns6508:0crwdne6508:0"
"ClimateComponent.CouplingCoefficient","","crwdns6509:0crwdne6509:0"
"ClimateComponent.PresentClimateScenario","","crwdns6510:0crwdne6510:0"
"ClimateComponent.AlbedoFlag","","crwdns6511:0crwdne6511:0"
"ClimateComponent.ResetFlag","","crwdns6512:0crwdne6512:0"
"OrbitalElements.GetPeriapsisDist","","crwdns6513:0crwdne6513:0"
"OrbitalElements.GetPeriapsisDist_TOOLTIP","","crwdns6514:0crwdne6514:0"
"OrbitalElements.GetApoapsisDist","","crwdns6515:0crwdne6515:0"
"OrbitalElements.GetApoapsisDist_TOOLTIP","","crwdns6516:0crwdne6516:0"
"OrbitalElements.Obliquity","","crwdns6517:0crwdne6517:0"
"OrbitalElements.Obliquity_TOOLTIP","","crwdns6518:0crwdne6518:0"
"OrbitalElements.ArgumentOfObliquity","","crwdns6519:0crwdne6519:0"
"OrbitalElements.ArgumentOfObliquity_TOOLTIP","","crwdns6520:0crwdne6520:0"
"OrbitalElements.SemiMajorAxis","","crwdns6521:0crwdne6521:0"
"OrbitalElements.SemiMajorAxis_TOOLTIP","","crwdns6522:0crwdne6522:0"
"OrbitalElements.Eccentricity","","crwdns6523:0crwdne6523:0"
"OrbitalElements.Eccentricity_TOOLTIP","","crwdns6524:0crwdne6524:0"
"OrbitalElements.Inclination","","crwdns6525:0crwdne6525:0"
"OrbitalElements.Inclination_TOOLTIP","","crwdns6526:0crwdne6526:0"
"OrbitalElements.ArgOfPerigee","","crwdns6527:0crwdne6527:0"
"OrbitalElements.ArgOfPerigee_TOOLTIP","","crwdns6528:0crwdne6528:0"
"OrbitalElements.RightAscOfAscNode","","crwdns6529:0crwdne6529:0"
"OrbitalElements.RightAscOfAscNode_TOOLTIP","","crwdns6530:0crwdne6530:0"
"OrbitalElements.MeanAnomaly","","crwdns6531:0crwdne6531:0"
"OrbitalElements.MeanAnomaly_TOOLTIP","","crwdns6532:0crwdne6532:0"
"OrbitalElements.LongitudeOfPeriapsis","","crwdns6533:0crwdne6533:0"
"OrbitalElements.LongitudeOfPeriapsis_TOOLTIP","","crwdns6534:0crwdne6534:0"
"OrbitalElements.OrbitalPeriod","","crwdns6535:0crwdne6535:0"
"OrbitalElements.OrbitalPeriod_TOOLTIP","","crwdns6536:0crwdne6536:0"
"ParticleComponent.Temperature","","crwdns6537:0crwdne6537:0"
"ParticleComponent.Temperature_TOOLTIP","","crwdns6538:0crwdne6538:0"
"PlanetAppearance.Color1","","crwdns6539:0crwdne6539:0"
"PlanetAppearance.Color2","","crwdns6540:0crwdne6540:0"
"PlanetAppearance.Color3","","crwdns6541:0crwdne6541:0"
"PlanetAppearance.ShowAtmosphere","","crwdns6542:0crwdne6542:0"
"PlanetAppearance.ShowAtmosphereClouds","","crwdns6543:0crwdne6543:0"
"PlanetAppearance.DisplayMode","","crwdns6544:0crwdne6544:0"
"StarAppearance.DisplayMode","","crwdns6545:0crwdne6545:0"
"TimeZone.UTC","","crwdns6546:0crwdne6546:0"
"Galaxy.TotalMass","","crwdns6547:0crwdne6547:0"
"Nova.Age","","crwdns6548:0crwdne6548:0"
"Nova.SuperNovaType","","crwdns6549:0crwdne6549:0"
"Nova.TotalCloudMass","","crwdns6550:0crwdne6550:0"
"DispenserTool.AutoMass","","crwdns6551:0crwdne6551:0"
"DispenserTool.LaunchVelocity","","crwdns6552:0crwdne6552:0"
"DispenserTool.LaunchVelocity_TOOLTIP","","crwdns6553:0crwdne6553:0"
"DispenserTool.MassPerParticle","","crwdns6554:0crwdne6554:0"
"DispenserTool.MassPerParticle_TOOLTIP","","crwdns6555:0crwdne6555:0"
"DispenserTool.ParticlesPerSecond","","crwdns6556:0crwdne6556:0"
"DispenserTool.ParticlesPerSecond_TOOLTIP","","crwdns6557:0crwdne6557:0"
"DispenserTool.Spread","","crwdns6558:0crwdne6558:0"
"DispenserTool.Spread_TOOLTIP","","crwdns6559:0crwdne6559:0"
"ExplodeTool.ExplosionVelocity","","crwdns6560:0crwdne6560:0"
"ExplodeTool.ExplosionVelocity_TOOLTIP","","crwdns6561:0crwdne6561:0"
"ExplodeTool.ExplosionEnergy","","crwdns6562:0crwdne6562:0"
"ExplodeTool.ExplosionEnergy_TOOLTIP","","crwdns6563:0crwdne6563:0"
"ExplodeTool.GridResolution","","crwdns6564:0crwdne6564:0"
"ExplodeTool.EnergyAuto","","crwdns6565:0crwdne6565:0"
"ExplodeTool.EnergyAuto_TOOLTIP","","crwdns6566:0crwdne6566:0"
"FireworksTool.SecondaryShellCount","","crwdns6567:0crwdne6567:0"
"FireworksTool.SecondaryShellCount_TOOLTIP","","crwdns6568:0crwdne6568:0"
"FireworksTool.LaunchVelocity","","crwdns6569:0crwdne6569:0"
"FireworksTool.LaunchVelocity_TOOLTIP","","crwdns6570:0crwdne6570:0"
"FireworksTool.LaunchVelocityAuto","","crwdns6571:0crwdne6571:0"
"FireworksTool.LaunchVelocityAuto_TOOLTIP","","crwdns6572:0crwdne6572:0"
"FireworksTool.LaunchLocation","","crwdns6573:0crwdne6573:0"
"FireworksTool.LaunchLocation_TOOLTIP","","crwdns6574:0crwdne6574:0"
"ForceTool.MaxRange","","crwdns6575:0crwdne6575:0"
"ForceTool.MaxRange_TOOLTIP","","crwdns6576:0crwdne6576:0"
"ForceTool.MinRange","","crwdns6577:0crwdne6577:0"
"ForceTool.MinRange_TOOLTIP","","crwdns6578:0crwdne6578:0"
"ForceTool.InnerAngle","","crwdns6579:0crwdne6579:0"
"ForceTool.InnerAngle_TOOLTIP","","crwdns6580:0crwdne6580:0"
"ForceTool.OuterAngle","","crwdns6581:0crwdne6581:0"
"ForceTool.OuterAngle_TOOLTIP","","crwdns6582:0crwdne6582:0"
"ForceTool.Mass","","crwdns6583:0crwdne6583:0"
"ForceTool.Mass_TOOLTIP","","crwdns6584:0crwdne6584:0"
"LaserTool.Power","","crwdns6585:0crwdne6585:0"
"LaserTool.Power_TOOLTIP","","crwdns6586:0crwdne6586:0"
"LaserTool.Wavelength","","crwdns6587:0crwdne6587:0"
"LaserTool.LaserName","","crwdns6588:0crwdne6588:0"
"LaserTool.LaserName_TOOLTIP","","crwdns6589:0crwdne6589:0"
"LaserTool.NonDestructive","","crwdns6590:0crwdne6590:0"
"LaserTool.NonDestructive_TOOLTIP","","crwdns6591:0crwdne6591:0"
"PulseTool.PulseVelocity","","crwdns6592:0crwdne6592:0"
"PulseTool.PulseVelocity_TOOLTIP","","crwdns6593:0crwdne6593:0"
"PulseTool.PulseParticleCount","","crwdns6594:0crwdne6594:0"
"PulseTool.PulseParticleCount_TOOLTIP","","crwdns6595:0crwdne6595:0"
"PulseTool.PulseShape","","crwdns6596:0crwdne6596:0"
"PulseTool.PulseShape_TOOLTIP","","crwdns6597:0crwdne6597:0"
"PulseTool.PulsePlaneAlignment","","crwdns6598:0crwdne6598:0"
"PulseTool.PulsePlaneAlignment_TOOLTIP","","crwdns6599:0crwdne6599:0"
"ShootBodyTool.LaunchVelocity","","crwdns6600:0crwdne6600:0"
"AddBodyTool.LaunchVelocity","","crwdns6601:0crwdne6601:0"
"AddBodyTool.BalanceMotion","","crwdns6602:0crwdne6602:0"
"AddBodyTool.BalanceMotion_TOOLTIP","","crwdns6603:0crwdne6603:0"
"Options.PauseOnLoad","","crwdns6604:0crwdne6604:0"
"Options.PauseOnLoad_TOOLTIP","","crwdns6605:0crwdne6605:0"
"Options.AntialiasingMode","","crwdns6606:0crwdne6606:0"
"Options.AntialiasingMode_TOOLTIP","","crwdns6607:0crwdne6607:0"
"Options.Decals","","crwdns6608:0crwdne6608:0"
"Options.Decals_TOOLTIP","","crwdns6609:0crwdne6609:0"
"Options.DisplacementMapping","","crwdns6610:0crwdne6610:0"
"Options.DisplacementMapping_TOOLTIP","","crwdns6611:0crwdne6611:0"
"Options.DisplacementAmount","","crwdns6612:0crwdne6612:0"
"Options.DisplacementAmount_TOOLTIP","","crwdns6613:0crwdne6613:0"
"Options.EffectsQuality","","crwdns6614:0crwdne6614:0"
"Options.FilteringQuality","","crwdns6615:0crwdne6615:0"
"Options.Fullscreen","","crwdns6616:0crwdne6616:0"
"Options.Fullscreen_TOOLTIP","","crwdns6617:0crwdne6617:0"
"Options.FullscreenDisplay","","crwdns6618:0crwdne6618:0"
"Options.FullscreenDisplay_TOOLTIP","","crwdns6619:0crwdne6619:0"
"Options.Glows","","crwdns6620:0crwdne6620:0"
"Options.Glows_TOOLTIP","","crwdns6621:0crwdne6621:0"
"Options.MaxAttracting","","crwdns6622:0crwdne6622:0"
"Options.MaxAttracting_TOOLTIP","","crwdns6623:0crwdne6623:0"
"Options.MaxDecals","","crwdns6624:0crwdne6624:0"
"Options.MaxDecals_TOOLTIP","","crwdns6625:0crwdne6625:0"
"Options.MaxNonAttracting","","crwdns6626:0crwdne6626:0"
"Options.MaxNonAttracting_TOOLTIP","","crwdns6627:0crwdne6627:0"
"Options.MinimalRocheFactorForTidalHeating","","crwdns6628:0crwdne6628:0"
"Options.MinimalRocheFactorForTidalHeating_TOOLTIP","","crwdns6629:0crwdne6629:0"
"Options.MultiCore","","crwdns6630:0crwdne6630:0"
"Options.QualityPreset","","crwdns6631:0crwdne6631:0"
"Options.QualityPreset_TOOLTIP","","crwdns6632:0crwdne6632:0"
"Options.RenderMode","","crwdns6633:0crwdne6633:0"
"Options.Resolution","","crwdns6634:0crwdne6634:0"
"Options.RocheLimitPowerScalar","","crwdns6635:0crwdne6635:0"
"Options.RocheLimitPowerScalar_TOOLTIP","","crwdns6636:0crwdne6636:0"
"Options.ShadowsGlobal","","crwdns6637:0crwdne6637:0"
"Options.ShadowsGlobal_TOOLTIP","","crwdns6638:0crwdne6638:0"
"Options.SimulationQuality","","crwdns6639:0crwdne6639:0"
"Options.SimulationQuality_TOOLTIP","","crwdns6640:0crwdne6640:0"
"Options.TargetFrameRate","","crwdns6641:0crwdne6641:0"
"Options.TextureResolution","","crwdns6642:0crwdne6642:0"
"Options.TextureResolution_TOOLTIP","","crwdns6643:0crwdne6643:0"
"Options.TidalHeatingTemperatureRateScalar","","crwdns6644:0crwdne6644:0"
"Options.TidalHeatingTemperatureRateScalar_TOOLTIP","","crwdns6645:0crwdne6645:0"
"Options.TidalHeatingTemperatureRateScalarInside","","crwdns6646:0crwdne6646:0"
"Options.TidalHeatingTemperatureRateScalarInside_TOOLTIP","","crwdns6647:0crwdne6647:0"
"Options.VSync","","crwdns6648:0crwdne6648:0"
"Options.VSync_TOOLTIP","","crwdns6649:0crwdne6649:0"
"Options.PinchUsesDotProduct","","crwdns6650:0crwdne6650:0"
"Options.GestureTransitionTime","","crwdns6651:0crwdne6651:0"
"Options.DebugAttractorRelationshipLines","","crwdns6652:0crwdne6652:0"
"Options.DebugBodyMarkers","","crwdns6653:0crwdne6653:0"
"Options.DebugImpactLines","","crwdns6654:0crwdne6654:0"
"Options.DebugInfo","","crwdns6655:0crwdne6655:0"
"Options.ShowHiddenSimulations","","crwdns6656:0crwdne6656:0"
"Options.PauseOnCollision","","crwdns6657:0crwdne6657:0"
"Options.PauseOnCollision_TOOLTIP","","crwdns6658:0crwdne6658:0"
"Options.ShowFPS","","crwdns6659:0crwdne6659:0"
"Options.ShowTime","","crwdns6660:0crwdne6660:0"
"Options.ParticleRenderMode","","crwdns6661:0crwdne6661:0"
"Options.UseMaximumQuality","","crwdns6662:0crwdne6662:0"
"Options.UseTelnetForHorizonSims","","crwdns6663:0crwdne6663:0"
"Options.UserInterpolationSpeedInSeconds","","crwdns6664:0crwdne6664:0"
"Options.UserInterpolationSpeedInSeconds_TOOLTIP","","crwdns6665:0crwdne6665:0"
"SimulationSettings.ApplyUniversalDrag","","crwdns6666:0crwdne6666:0"
"SimulationSettings.ApplyUniversalDrag_TOOLTIP","","crwdns6667:0crwdne6667:0"
"SimulationSettings.AtmosphericDrag","","crwdns6668:0crwdne6668:0"
"SimulationSettings.BodyColorStyle","","crwdns6669:0crwdne6669:0"
"SimulationSettings.BodyColorStyle_TOOLTIP","","crwdns6670:0crwdne6670:0"
"SimulationSettings.ParticleScaleStyle","","crwdns6671:0crwdne6671:0"
"SimulationSettings.ParticleScaleStyle_TOOLTIP","","crwdns6672:0crwdne6672:0"
"SimulationSettings.CollisionMode","","crwdns6673:0crwdne6673:0"
"SimulationSettings.VolatileSpeedMultiplier","","crwdns6674:0crwdne6674:0"
"SimulationSettings.VolatileSpeedMultiplier_TOOLTIP","","crwdns6675:0crwdne6675:0"
"SimulationSettings.CoolingMultiplier","","crwdns6676:0crwdne6676:0"
"SimulationSettings.CoolingMultiplier_TOOLTIP","","crwdns6677:0crwdne6677:0"
"SimulationSettings.CoolingEnabled","","crwdns6678:0crwdne6678:0"
"SimulationSettings.CoolingEnabled_TOOLTIP","","crwdns6679:0crwdne6679:0"
"SimulationSettings.CollisionHeatingEnabled","","crwdns6680:0crwdne6680:0"
"SimulationSettings.CollisionHeatingEnabled_TOOLTIP","","crwdns6681:0crwdne6681:0"
"SimulationSettings.JeansEscapeEnabled","","crwdns6682:0crwdne6682:0"
"SimulationSettings.JeansEscapeEnabled_TOOLTIP","","crwdns6683:0crwdne6683:0"
"SimulationSettings.SolarWindLossEnabled","","crwdns6684:0crwdne6684:0"
"SimulationSettings.SolarWindLossEnabled_TOOLTIP","","crwdns6685:0crwdne6685:0"
"SimulationSettings.DebugVelocites","","crwdns6686:0crwdne6686:0"
"SimulationSettings.DebugVelocites_TOOLTIP","","crwdns6687:0crwdne6687:0"
"SimulationSettings.DensityOfSpace","","crwdns6688:0crwdne6688:0"
"SimulationSettings.DragCoefficient","","crwdns6689:0crwdne6689:0"
"SimulationSettings.DragReferenceFrame","","crwdns6690:0crwdne6690:0"
"SimulationSettings.EclipticRays","","crwdns6691:0crwdne6691:0"
"SimulationSettings.EclipticRays_TOOLTIP","","crwdns6692:0crwdne6692:0"
"SimulationSettings.PhysicsBreakoutTime","","crwdns6693:0crwdne6693:0"
"SimulationSettings.PhysicsBreakoutTime_TOOLTIP","","crwdns6694:0crwdne6694:0"
"SimulationSettings.EnableSubStepping","","crwdns6695:0crwdne6695:0"
"SimulationSettings.EnableSubStepping_TOOLTIP","","crwdns6696:0crwdne6696:0"
"SimulationSettings.EnableCollisions","","crwdns6697:0crwdne6697:0"
"SimulationSettings.EnableCollisions_TOOLTIP","","crwdns6698:0crwdne6698:0"
"SimulationSettings.EnableFragments","","crwdns6699:0crwdne6699:0"
"SimulationSettings.EnableFragments_TOOLTIP","","crwdns6700:0crwdne6700:0"
"SimulationSettings.EnableCollisionFragments","","crwdns6701:0crwdne6701:0"
"SimulationSettings.EnableCollisionFragments_TOOLTIP","","crwdns6702:0crwdne6702:0"
"SimulationSettings.EnableTotalBodyFragmentation","","crwdns6703:0crwdne6703:0"
"SimulationSettings.EnableTotalBodyFragmentation_TOOLTIP","","crwdns6704:0crwdne6704:0"
"SimulationSettings.EnableRocheFragmentation","","crwdns6705:0crwdne6705:0"
"SimulationSettings.EnableRocheFragmentation_TOOLTIP","","crwdns6706:0crwdne6706:0"
"SimulationSettings.EnableSurfaceFragmentation","","crwdns6707:0crwdne6707:0"
"SimulationSettings.EnableSurfaceFragmentation_TOOLTIP","","crwdns6708:0crwdne6708:0"
"SimulationSettings.ProminenceDurationMultiplier","","crwdns6709:0crwdne6709:0"
"SimulationSettings.ProminenceFrequencyMultiplier","","crwdns6710:0crwdne6710:0"
"SimulationSettings.Grid","","crwdns6711:0crwdne6711:0"
"SimulationSettings.Grid_TOOLTIP","","crwdns6712:0crwdne6712:0"
"SimulationSettings.GridTextSize","","crwdns6713:0crwdne6713:0"
"SimulationSettings.GridTextSize_TOOLTIP","","crwdns6714:0crwdne6714:0"
"SimulationSettings.GridWidth","","crwdns6715:0crwdne6715:0"
"SimulationSettings.GridWidth_TOOLTIP","","crwdns6716:0crwdne6716:0"
"SimulationSettings.HabitableZones","","crwdns6717:0crwdne6717:0"
"SimulationSettings.HabitableZones_TOOLTIP","","crwdns6718:0crwdne6718:0"
"SimulationSettings.Icons","","crwdns6719:0crwdne6719:0"
"SimulationSettings.Icons_TOOLTIP","","crwdns6720:0crwdne6720:0"
"SimulationSettings.LabelOpacity","","crwdns6721:0crwdne6721:0"
"SimulationSettings.LabelOpacity_TOOLTIP","","crwdns6722:0crwdne6722:0"
"SimulationSettings.Labels","","crwdns6723:0crwdne6723:0"
"SimulationSettings.Labels_TOOLTIP","","crwdns6724:0crwdne6724:0"
"SimulationSettings.RelativeMassLabels","","crwdns6725:0crwdne6725:0"
"SimulationSettings.RelativeMassLabels_TOOLTIP","","crwdns6726:0crwdne6726:0"
"SimulationSettings.Lagrange","","crwdns6727:0crwdne6727:0"
"SimulationSettings.LightingMode","","crwdns6728:0crwdne6728:0"
"SimulationSettings.LightingMode_TOOLTIP","","crwdns6729:0crwdne6729:0"
"SimulationSettings.LightIntensity","","crwdns6730:0crwdne6730:0"
"SimulationSettings.LightIntensity_TOOLTIP","","crwdns6731:0crwdne6731:0"
"SimulationSettings.LongLatitude","","crwdns6732:0crwdne6732:0"
"SimulationSettings.LongLatitude_TOOLTIP","","crwdns6733:0crwdne6733:0"
"SimulationSettings.OrbitContext","","crwdns6734:0crwdne6734:0"
"SimulationSettings.OrbitContext_TOOLTIP","","crwdns6735:0crwdne6735:0"
"SimulationSettings.OrbitIntensity","","crwdns6736:0crwdne6736:0"
"SimulationSettings.OrbitIntensity_TOOLTIP","","crwdns6737:0crwdne6737:0"
"SimulationSettings.OrbitWidth","","crwdns6738:0crwdne6738:0"
"SimulationSettings.ParticleDensity","","crwdns6739:0crwdne6739:0"
"SimulationSettings.PauseDate","","crwdns6740:0crwdne6740:0"
"SimulationSettings.PauseOnDate","","crwdns6741:0crwdne6741:0"
"SimulationSettings.PauseOnDate_TOOLTIP","","crwdns6742:0crwdne6742:0"
"SimulationSettings.StartPaused","","crwdns6743:0crwdne6743:0"
"SimulationSettings.PotentialGrid","","crwdns6744:0crwdne6744:0"
"SimulationSettings.PotentialGridResolution","","crwdns6745:0crwdne6745:0"
"SimulationSettings.ProjectedPath","","crwdns6746:0crwdne6746:0"
"SimulationSettings.ProjectedPath_TOOLTIP","","crwdns6747:0crwdne6747:0"
"SimulationSettings.ProjectedPathContext","","crwdns6748:0crwdne6748:0"
"SimulationSettings.ProjectedPathContext_TOOLTIP","","crwdns6749:0crwdne6749:0"
"SimulationSettings.RayContext","","crwdns6750:0crwdne6750:0"
"SimulationSettings.RayContext_TOOLTIP","","crwdns6751:0crwdne6751:0"
"SimulationSettings.RealisticStars","","crwdns6752:0crwdne6752:0"
"SimulationSettings.RegenerateTrails","","crwdns6753:0crwdne6753:0"
"SimulationSettings.Shadows","","crwdns6754:0crwdne6754:0"
"SimulationSettings.Shadows_TOOLTIP","","crwdns6755:0crwdne6755:0"
"SimulationSettings.ShowComets","","crwdns6756:0crwdne6756:0"
"SimulationSettings.ShowComets_TOOLTIP","","crwdns6757:0crwdne6757:0"
"SimulationSettings.ShowStellarProminences","","crwdns6758:0crwdne6758:0"
"SimulationSettings.ShowStellarProminences_TOOLTIP","","crwdns6759:0crwdne6759:0"
"SimulationSettings.ShowDarkMatter","","crwdns6760:0crwdne6760:0"
"SimulationSettings.ShowDarkMatter_TOOLTIP","","crwdns6761:0crwdne6761:0"
"SimulationSettings.ShowSupernovae","","crwdns6762:0crwdne6762:0"
"SimulationSettings.ShowSupernovae_TOOLTIP","","crwdns6763:0crwdne6763:0"
"SimulationSettings.SPHDisplayProperty","","crwdns6764:0crwdne6764:0"
"SimulationSettings.SPHRenderMode","","crwdns6765:0crwdne6765:0"
"SimulationSettings.SPHSampleMode","","crwdns6766:0crwdne6766:0"
"SimulationSettings.StartingTolerance","","crwdns6767:0crwdne6767:0"
"SimulationSettings.TextBillboards","","crwdns6768:0crwdne6768:0"
"SimulationSettings.TextBillboards_TOOLTIP","","crwdns6769:0crwdne6769:0"
"SimulationSettings.TidalEvolution","","crwdns6770:0crwdne6770:0"
"SimulationSettings.TidalEvolution_TOOLTIP","","crwdns6771:0crwdne6771:0"
"SimulationSettings.TidalEvolutionMultiplier","","crwdns6772:0crwdne6772:0"
"SimulationSettings.TidalEvolutionMultiplier_TOOLTIP","","crwdns6773:0crwdne6773:0"
"SimulationSettings.TidalHeating","","crwdns6774:0crwdne6774:0"
"SimulationSettings.TidalHeating_TOOLTIP","","crwdns6775:0crwdne6775:0"
"SimulationSettings.TidalHeatingMultiplier","","crwdns6776:0crwdne6776:0"
"SimulationSettings.TidalHeatingMultiplier_TOOLTIP","","crwdns6777:0crwdne6777:0"
"SimulationSettings.TrailContext","","crwdns6778:0crwdne6778:0"
"SimulationSettings.TrailContext_TOOLTIP","","crwdns6779:0crwdne6779:0"
"SimulationSettings.TrailIntensity","","crwdns6780:0crwdne6780:0"
"SimulationSettings.TrailIntensity_TOOLTIP","","crwdns6781:0crwdne6781:0"
"SimulationSettings.TrailLength","","crwdns6782:0crwdne6782:0"
"SimulationSettings.TrailLength_TOOLTIP","","crwdns6783:0crwdne6783:0"
"SimulationSettings.TrailWidth","","crwdns6784:0crwdne6784:0"
"SimulationSettings.TrailWidth_TOOLTIP","","crwdns6785:0crwdne6785:0"
"SimulationSettings.VolatilityMassMultiplier","","crwdns6786:0crwdne6786:0"
"SimulationSettings.VolatilityMassMultiplier_TOOLTIP","","crwdns6787:0crwdne6787:0"
"SimulationSettings.CameraFOV","","crwdns6788:0crwdne6788:0"
"SimulationSettings.CameraFOV_TOOLTIP","","crwdns6789:0crwdne6789:0"
"SimulationSettings.Orbits","","crwdns6790:0crwdne6790:0"
"SimulationSettings.Orbits_TOOLTIP","","crwdns6791:0crwdne6791:0"
"SimulationSettings.TrailCenter","","crwdns6792:0crwdne6792:0"
"SimulationSettings.TrailCenter_TOOLTIP","","crwdns6793:0crwdne6793:0"
"SimulationSettings.Trails","","crwdns6794:0crwdne6794:0"
"SimulationSettings.Trails_TOOLTIP","","crwdns6795:0crwdne6795:0"
"SimulationSettings.BodyScaleStyle","","crwdns6796:0crwdne6796:0"
"SimulationSettings.BodyScaleStyle_TOOLTIP","","crwdns6797:0crwdne6797:0"
"SimulationSettings.BodyScaleMultiplier","","crwdns6798:0crwdne6798:0"
"SimulationSettings.CollisionImportance","","crwdns6799:0crwdne6799:0"
"Preferences.AnalyticsEnabled","","crwdns6800:0crwdne6800:0"
"Preferences.AnalyticsEnabled_TOOLTIP","","crwdns6801:0crwdne6801:0"
"Preferences.IncludeSimulationOverlays","","crwdns6802:0crwdne6802:0"
"Preferences.IncludeSimulationOverlays_TOOLTIP","","crwdns6803:0crwdne6803:0"
"Preferences.UseControllerInput","","crwdns6804:0crwdne6804:0"
"Preferences.InvertedScrolling","","crwdns6805:0crwdne6805:0"
"Preferences.BudgetTargetFPS","","crwdns6806:0crwdne6806:0"
"Preferences.BudgetTargetFPS_TOOLTIP","","crwdns6807:0crwdne6807:0"
"Preferences.BudgetEnableReduction","","crwdns6808:0crwdne6808:0"
"Preferences.BudgetEnableReduction_TOOLTIP","","crwdns6809:0crwdne6809:0"
"Preferences.AudioEnabled","","crwdns6810:0crwdne6810:0"
"Preferences.AudioEnabled_TOOLTIP","","crwdns6811:0crwdne6811:0"
"Preferences.PlayAudioInBackground","","crwdns6812:0crwdne6812:0"
"Preferences.PlayAudioInBackground_TOOLTIP","","crwdns6813:0crwdne6813:0"
"Preferences.MasterVolume","","crwdns6814:0crwdne6814:0"
"Preferences.MasterVolume_TOOLTIP","","crwdns6815:0crwdne6815:0"
"Preferences.MusicVolume","","crwdns6816:0crwdne6816:0"
"Preferences.MusicVolume_TOOLTIP","","crwdns6817:0crwdne6817:0"
"Preferences.EffectsVolume","","crwdns6818:0crwdne6818:0"
"Preferences.EffectsVolume_TOOLTIP","","crwdns6819:0crwdne6819:0"
"Preferences.UIVolume","","crwdns6820:0crwdne6820:0"
"Preferences.UIVolume_TOOLTIP","","crwdns6821:0crwdne6821:0"
"Preferences.QuicksaveAmount","","crwdns6822:0crwdne6822:0"
"Preferences.QuicksaveAmount_TOOLTIP","","crwdns6823:0crwdne6823:0"
"Preferences.DynamicViewport","","crwdns6824:0crwdne6824:0"
"Preferences.DynamicViewport_TOOLTIP","","crwdns6825:0crwdne6825:0"
"Preferences.DynamicCamera","","crwdns6826:0crwdne6826:0"
"Preferences.DynamicCamera_TOOLTIP","","crwdns6827:0crwdne6827:0"
"Preferences.SelectionBias","","crwdns6828:0crwdne6828:0"
"Preferences.SelectionBias_TOOLTIP","","crwdns6829:0crwdne6829:0"
"Preferences.CameraSmoothingMultiplier","","crwdns6830:0crwdne6830:0"
"Preferences.CameraSmoothingMultiplier_TOOLTIP","","crwdns6831:0crwdne6831:0"
"Preferences.PrimaryColor","","crwdns6832:0crwdne6832:0"
"Preferences.PrimaryColor_TOOLTIP","","crwdns6833:0crwdne6833:0"
"Preferences.GIFDesiredFPS","","crwdns6834:0crwdne6834:0"
"Preferences.GIFDesiredFPS_TOOLTIP","","crwdns6835:0crwdne6835:0"
"Preferences.GIFIncludeUI","","crwdns6836:0crwdne6836:0"
"Preferences.GIFIncludeUI_TOOLTIP","","crwdns6837:0crwdne6837:0"
"Preferences.GIFQuality","","crwdns6838:0crwdne6838:0"
"Preferences.GIFQuality_TOOLTIP","","crwdns6839:0crwdne6839:0"
"Preferences.GIFLoop","","crwdns6840:0crwdne6840:0"
"Preferences.GIFLoop_TOOLTIP","","crwdns6841:0crwdne6841:0"
"Preferences.GIFIncludeSimulationOverlays","","crwdns6842:0crwdne6842:0"
"Preferences.GIFIncludeSimulationOverlays_TOOLTIP","","crwdns6843:0crwdne6843:0"
"Preferences.GIFPaletteFrameSkip","","crwdns6844:0crwdne6844:0"
"Preferences.GIFPaletteFrameSkip_TOOLTIP","","crwdns6845:0crwdne6845:0"
"Preferences.GIFTimeLimit","","crwdns6846:0crwdne6846:0"
"Preferences.GIFTimeLimit_TOOLTIP","","crwdns6847:0crwdne6847:0"
"Preferences.GIFShowWatermark","","crwdns6848:0crwdne6848:0"
"Preferences.GIFShowWatermark_TOOLTIP","","crwdns6849:0crwdne6849:0"
"Preferences.GIFMode","","crwdns6850:0crwdne6850:0"
"Preferences.GIFMode_TOOLTIP","","crwdns6851:0crwdne6851:0"
"Preferences.IncludeUIinScreenshots","","crwdns6852:0crwdne6852:0"
"Preferences.IncludeUIinScreenshots_TOOLTIP","","crwdns6853:0crwdne6853:0"
"Preferences.ScreenshotsIncludeSimulationOverlays","","crwdns6854:0crwdne6854:0"
"Preferences.ScreenshotsIncludeSimulationOverlays_TOOLTIP","","crwdns6855:0crwdne6855:0"
"Preferences.ScreenshotMode","","crwdns6856:0crwdne6856:0"
"Preferences.ScreenshotMode_TOOLTIP","","crwdns6857:0crwdne6857:0"
"Preferences.LocalizationModeUnlocked","","crwdns6858:0crwdne6858:0"
"Preferences.LocalizationModeUnlocked_TOOLTIP","","crwdns6859:0crwdne6859:0"
"Preferences.ShowNEWIcons","","crwdns6860:0crwdne6860:0"
"Preferences.ShowNEWIcons_TOOLTIP","","crwdns6861:0crwdne6861:0"
"Preferences.NEWIconMode","","crwdns6862:0crwdne6862:0"
"Preferences.NEWIconDate","","crwdns6863:0crwdne6863:0"
"Preferences.NEWIconDate_TOOLTIP","","crwdns6864:0crwdne6864:0"
"Preferences.HideVisited","","crwdns6865:0crwdne6865:0"
"Preferences.HideVisited_TOOLTIP","","crwdns6866:0crwdne6866:0"
"Simulation.SlowestBody","","crwdns6867:0crwdne6867:0"
"Simulation.SlowestBody_TOOLTIP","","crwdns6868:0crwdne6868:0"
"Simulation.ErrorPerSecond","","crwdns6869:0crwdne6869:0"
"Simulation.ErrorPerSecond_TOOLTIP","","crwdns6870:0crwdne6870:0"
"Simulation.ComputationDevice","","crwdns6871:0crwdne6871:0"
"Simulation.ComputationDevice_TOOLTIP","","crwdns6872:0crwdne6872:0"
"Simulation.Accuracy","","crwdns6873:0crwdne6873:0"
"Simulation.Accuracy_TOOLTIP","","crwdns6874:0crwdne6874:0"
"Simulation.IntegratorId","","crwdns6875:0crwdne6875:0"
"Simulation.IntegrationMode","","crwdns6876:0crwdne6876:0"
"Simulation.SlidingMotionDampning","","crwdns6877:0crwdne6877:0"
"Simulation.SlidingMotionDampning_TOOLTIP","","crwdns6878:0crwdne6878:0"
"Simulation.AbsorptionRadiusScalar","","crwdns6879:0crwdne6879:0"
"Simulation.ConstantCenterOfMass","","crwdns6880:0crwdne6880:0"
"Simulation.ConstantCenterOfMass_TOOLTIP","","crwdns6881:0crwdne6881:0"
"Simulation.AveragStepPerSecond","","crwdns6882:0crwdne6882:0"
"Simulation.Mass","","crwdns6883:0crwdne6883:0"
"Simulation.Momentum","","crwdns6884:0crwdne6884:0"
"Simulation.Velocity","","crwdns6885:0crwdne6885:0"
"Simulation.MassLost","","crwdns6886:0crwdne6886:0"
"Simulation.MomentumLost","","crwdns6887:0crwdne6887:0"
"Simulation.AutomaticTolerance","","crwdns6888:0crwdne6888:0"
"Simulation.AutomaticTolerance_TOOLTIP","","crwdns6889:0crwdne6889:0"
"Simulation.Tolerance","","crwdns6890:0crwdne6890:0"
"Simulation.Tolerance_TOOLTIP","","crwdns6891:0crwdne6891:0"
"Simulation.EstimatedBaseTolerance","","crwdns6892:0crwdne6892:0"
"Simulation.AccuracySensitivity","","crwdns6893:0crwdne6893:0"
"Simulation.ParticleStream","","crwdns6894:0crwdne6894:0"
"Simulation.ParticleStream_TOOLTIP","","crwdns6895:0crwdne6895:0"
"Simulation.TargetTimeStepPerRealSec","","crwdns6896:0crwdne6896:0"
"SimulationInformation.TotalMass","","crwdns6897:0crwdne6897:0"
"SimulationInformation.TotalVelocity","","crwdns6898:0crwdne6898:0"
"SimulationInformation.TotalMomentum","","crwdns6899:0crwdne6899:0"
"MaterialProxyTarget.Mass","","crwdns6900:0crwdne6900:0"
"TimeControlBehavior.TargetDateTime","","crwdns6901:0crwdne6901:0"
"TimeControlBehavior.TargetDateTime_TOOLTIP","","crwdns6902:0crwdne6902:0"
"TimeControlBehavior.TargetLength","","crwdns6903:0crwdne6903:0"
"TimeControlBehavior.TargetLength_TOOLTIP","","crwdns6904:0crwdne6904:0"
"TimeControlBehavior.MaxSpeed","","crwdns6905:0crwdne6905:0"
"TimeControlBehavior.MaxSpeed_TOOLTIP","","crwdns6906:0crwdne6906:0"
"TimeControlBehavior.OnArrival","","crwdns6907:0crwdne6907:0"
"TimeControlBehavior.OnArrival_TOOLTIP","","crwdns6908:0crwdne6908:0"
"TimeControlBehavior.TargetTimestep","","crwdns6909:0crwdne6909:0"
"Choreography.BodyA","","crwdns6910:0crwdne6910:0"
"Choreography.SeparationInRadii","","crwdns6911:0crwdne6911:0"
"Choreography.PerturbPosInRadii","","crwdns6912:0crwdne6912:0"
"Choreography.RandomizeMass","","crwdns6913:0crwdne6913:0"
"Choreography.GroupVelocityUpScale","","crwdns6914:0crwdne6914:0"
"Choreography.MakePulsars","","crwdns6915:0crwdne6915:0"
"Choreography.ResetCamera","","crwdns6916:0crwdne6916:0"
"Choreography.Integrator","","crwdns6917:0crwdne6917:0"
"Choreography.Accuracy","","crwdns6918:0crwdne6918:0"
"GraphPreset.ValueX","","crwdns6919:0crwdne6919:0"
"GraphPreset.ValueY","","crwdns6920:0crwdne6920:0"
"GraphPreset.AliasX","","crwdns6921:0crwdne6921:0"
"GraphPreset.AliasY","","crwdns6922:0crwdne6922:0"
"GraphPreset.Timespan","","crwdns6923:0crwdne6923:0"
"GraphPreset.ShowAxisX","","crwdns6924:0crwdne6924:0"
"GraphPreset.ShowAxisY","","crwdns6925:0crwdne6925:0"
"GraphPreset.ShowLegend","","crwdns6926:0crwdne6926:0"
"GraphPreset.ShowLabels","","crwdns6927:0crwdne6927:0"
"GraphPreset.AxisColor","","crwdns6928:0crwdne6928:0"
"GraphPreset.LabelColor","","crwdns6929:0crwdne6929:0"
"GraphPreset.HighlightColor","","crwdns6930:0crwdne6930:0"
"NBodyOptions.NumExplosionFillerFragments","","crwdns6931:0crwdne6931:0"
"NBodyOptions.NumExplosionFillerFragments_TOOLTIP","","crwdns6932:0crwdne6932:0"
"NBodyOptions.GravitySmoothing","","crwdns6933:0crwdne6933:0"
"NBodyOptions.GravitySmoothing_TOOLTIP","","crwdns6934:0crwdne6934:0"
"NBodyOptions.GravitySmoothingLength","","crwdns6935:0crwdne6935:0"
"NBodyOptions.GravitySmoothingLength_TOOLTIP","","crwdns6936:0crwdne6936:0"
"NBodyOptions.GravitationalConstant","","crwdns6937:0crwdne6937:0"
"NBodyOptions.GravitationalConstant_TOOLTIP","","crwdns6938:0crwdne6938:0"
"NBodyOptions.AcceptPositionOnlyBasedAcceleration","","crwdns6939:0crwdne6939:0"
"NBodyOptions.AcceptPositionOnlyBasedAcceleration_TOOLTIP","","crwdns6940:0crwdne6940:0"
"NBodyOptions.FrictionFragmentationEnabled","","crwdns6941:0crwdne6941:0"
"NBodyOptions.RocheFragmentationEnabled","","crwdns6942:0crwdne6942:0"
"NBodyOptions.RocheLimitMinimalRadius","","crwdns6943:0crwdne6943:0"
"NBodyOptions.RocheLimitMinimalRadius_TOOLTIP","","crwdns6944:0crwdne6944:0"
"NBodyOptions.RocheHelperAccelerationFraction","","crwdns6945:0crwdne6945:0"
"NBodyOptions.RocheHelperAccelerationFraction_TOOLTIP","","crwdns6946:0crwdne6946:0"
"NBodyOptions.RocheLobeLossFactor","","crwdns6947:0crwdne6947:0"
"NBodyOptions.RocheLobeLossFactor_TOOLTIP","","crwdns6948:0crwdne6948:0"
"NBodyOptions.RocheMaximalFragmentMassRatio","","crwdns6949:0crwdne6949:0"
"NBodyOptions.RocheMaximalFragmentMassRatio_TOOLTIP","","crwdns6950:0crwdne6950:0"
"AmbiencePreset.BackgroundRotation","","crwdns6951:0crwdne6951:0"
"AmbiencePreset.BackgroundRotationX","","crwdns6952:0crwdne6952:0"
"AmbiencePreset.BackgroundRotationY","","crwdns6953:0crwdne6953:0"
"ArrangeSetup.NumberOfParticles","","crwdns6954:0crwdne6954:0"
"ArrangeSetup.NumberOfBodies","","crwdns6955:0crwdne6955:0"
"ArrangeSetup.Density","","crwdns6956:0crwdne6956:0"
"ArrangeSetup.Spacing","","crwdns6957:0crwdne6957:0"
"ArrangeSetup.Shape","","crwdns6958:0crwdne6958:0"
"ArrangeSetup.Revolutions","","crwdns6959:0crwdne6959:0"
"ArrangeSetup.SpiralType","","crwdns6960:0crwdne6960:0"
"ArrangeSetup.VogelAngle","","crwdns6961:0crwdne6961:0"
"ArrangeSetup.Inner","","crwdns6962:0crwdne6962:0"
"ArrangeSetup.Outer","","crwdns6963:0crwdne6963:0"
"ArrangeSetup.Height","","crwdns6964:0crwdne6964:0"
"ArrangeSetup.PlaneAlignment","","crwdns6965:0crwdne6965:0"
"ArrangeSetup.TotalMass","","crwdns6966:0crwdne6966:0"
"ArrangeSetup.RingUnits","","crwdns6967:0crwdne6967:0"
"ArrangeSetup.Motion","","crwdns6968:0crwdne6968:0"
"ArrangeSetup.Velocity","","crwdns6969:0crwdne6969:0"
"ArrangeSetup.VelocityRangeMin","","crwdns6970:0crwdne6970:0"
"ArrangeSetup.VelocityRangeMax","","crwdns6971:0crwdne6971:0"
"ArrangeSetup.AutoBounds","","crwdns6972:0crwdne6972:0"
"ArrangeSetup.AutoBounds_TOOLTIP","","crwdns6973:0crwdne6973:0"
"ArrangeSetup.RemoveUnstableResonances","","crwdns6974:0crwdne6974:0"
"ArrangeSetup.RemoveUnstableResonances_TOOLTIP","","crwdns6975:0crwdne6975:0"
"ArrangeSetup.UsePlanetoids","","crwdns6976:0crwdne6976:0"
"ArrangeSetup.UseParentMass","","crwdns6977:0crwdne6977:0"
"ArrangeSetup.BodyName","","crwdns6978:0crwdne6978:0"
"ViewSetup.ResetCamera","","crwdns6979:0crwdne6979:0"
"ChaoticOrbitPreset.AMass","","crwdns6980:0crwdne6980:0"
"ChaoticOrbitPreset.BMass","","crwdns6981:0crwdne6981:0"
"ChaoticOrbitPreset.SunMass","","crwdns6982:0crwdne6982:0"
"ChaoticOrbitPreset.TimeStepMode","","crwdns6983:0crwdne6983:0"
"ChoreographyPreset.BodyA","","crwdns6984:0crwdne6984:0"
"ChoreographyPreset.Integrator","","crwdns6985:0crwdne6985:0"
"ChoreographyPreset.Accuracy","","crwdns6986:0crwdne6986:0"
"ChoreographyPreset.SeparationInRadii","","crwdns6987:0crwdne6987:0"
"ChoreographyPreset.PerturbPosInRadii","","crwdns6988:0crwdne6988:0"
"ChoreographyPreset.RandomizeMass","","crwdns6989:0crwdne6989:0"
"ChoreographyPreset.GroupVelocityUpScale","","crwdns6990:0crwdne6990:0"
"ChoreographyPreset.MakePulsars","","crwdns6991:0crwdne6991:0"
"ChoreographyPreset.ResetCamera","","crwdns6992:0crwdne6992:0"
"ChoreographyPreset.TrailLength","","crwdns6993:0crwdne6993:0"
"ChoreographyPreset.TrailLength_TOOLTIP","","crwdns6994:0crwdne6994:0"
"ChoreographyPreset.EnableCollisions","","crwdns6995:0crwdne6995:0"
"ChoreographyPreset.EnableCollisions_TOOLTIP","","crwdns6996:0crwdne6996:0"
"ChoreographyPreset.EnableFragments","","crwdns6997:0crwdne6997:0"
"ChoreographyPreset.EnableFragments_TOOLTIP","","crwdns6998:0crwdne6998:0"
"ChoreographyPreset.EnableCollisionFragments","","crwdns6999:0crwdne6999:0"
"ChoreographyPreset.EnableCollisionFragments_TOOLTIP","","crwdns7000:0crwdne7000:0"
"ChoreographyPreset.EnableTotalBodyFragmentation","","crwdns7001:0crwdne7001:0"
"ChoreographyPreset.EnableTotalBodyFragmentation_TOOLTIP","","crwdns7002:0crwdne7002:0"
"ChoreographyPreset.EnableRocheFragmentation","","crwdns7003:0crwdne7003:0"
"ChoreographyPreset.EnableRocheFragmentation_TOOLTIP","","crwdns7004:0crwdne7004:0"
"ChoreographyPreset.EnableSurfaceFragmentation","","crwdns7005:0crwdne7005:0"
"ChoreographyPreset.EnableSurfaceFragmentation_TOOLTIP","","crwdns7006:0crwdne7006:0"
"ChoreographyPreset.JeansEscapeEnabled","","crwdns7007:0crwdne7007:0"
"ChoreographyPreset.JeansEscapeEnabled_TOOLTIP","","crwdns7008:0crwdne7008:0"
"ChoreographyPreset.TidalHeating","","crwdns7009:0crwdne7009:0"
"ChoreographyPreset.TidalHeating_TOOLTIP","","crwdns7010:0crwdne7010:0"
"CollisionPreset.BodyA","","crwdns7011:0crwdne7011:0"
"CollisionPreset.RotationPeriodA","","crwdns7012:0crwdne7012:0"
"CollisionPreset.BodyB","","crwdns7013:0crwdne7013:0"
"CollisionPreset.RotationPeriodB","","crwdns7014:0crwdne7014:0"
"CollisionPreset.ColliderCount","","crwdns7015:0crwdne7015:0"
"CollisionPreset.Speed","","crwdns7016:0crwdne7016:0"
"CollisionPreset.RealTimeSecBeforeCollision","","crwdns7017:0crwdne7017:0"
"CollisionPreset.PosOffsetHofB","","crwdns7018:0crwdne7018:0"
"CollisionPreset.PosOffsetVofB","","crwdns7019:0crwdne7019:0"
"CollisionPreset.AngleH","","crwdns7020:0crwdne7020:0"
"CollisionPreset.AngleV","","crwdns7021:0crwdne7021:0"
"CollisionPreset.TimeBetweenColliders","","crwdns7022:0crwdne7022:0"
"CollisionPreset.CollisionGroupCount","","crwdns7023:0crwdne7023:0"
"CollisionPreset.TimeOffsetEachGroup","","crwdns7024:0crwdne7024:0"
"CollisionPreset.CollisionImportance","","crwdns7025:0crwdne7025:0"
"CollisionPreset.GroupVelocityX","","crwdns7026:0crwdne7026:0"
"CollisionPreset.GroupVelocityY","","crwdns7027:0crwdne7027:0"
"CollisionPreset.GroupVelocityZ","","crwdns7028:0crwdne7028:0"
"CollisionPreset.Rate","","crwdns7029:0crwdne7029:0"
"CollisionPreset.TimeStepMode","","crwdns7030:0crwdne7030:0"
"CollisionPreset.InitializeClimate","","crwdns7031:0crwdne7031:0"
"CollisionPreset.ResetCamera","","crwdns7032:0crwdne7032:0"
"CollisionPreset.CameraDistanceInRadiusofA","","crwdns7033:0crwdne7033:0"
"EncounterPreset.Seed","","crwdns7034:0crwdne7034:0"
"EncounterPreset.InitDate","","crwdns7035:0crwdne7035:0"
"EncounterPreset.DateMeaning","","crwdns7036:0crwdne7036:0"
"EncounterPreset.TimeStepMode","","crwdns7037:0crwdne7037:0"
"EncounterPreset.RogueBody","","crwdns7038:0crwdne7038:0"
"EncounterPreset.IncludeRogueBody","","crwdns7039:0crwdne7039:0"
"EncounterPreset.Mass","","crwdns7040:0crwdne7040:0"
"EncounterPreset.OverrideMass","","crwdns7041:0crwdne7041:0"
"EncounterPreset.Speed","","crwdns7042:0crwdne7042:0"
"EncounterPreset.AngleH","","crwdns7043:0crwdne7043:0"
"EncounterPreset.AngleV","","crwdns7044:0crwdne7044:0"
"EncounterPreset.TargetName","","crwdns7045:0crwdne7045:0"
"EncounterPreset.AimPointX","","crwdns7046:0crwdne7046:0"
"EncounterPreset.AimPointY","","crwdns7047:0crwdne7047:0"
"EncounterPreset.Distance","","crwdns7048:0crwdne7048:0"
"EncounterPreset.AsteroidsAndDwarfOptions","","crwdns7049:0crwdne7049:0"
"EncounterPreset.MoonOptions","","crwdns7050:0crwdne7050:0"
"EncounterPreset.RingOptions","","crwdns7051:0crwdne7051:0"
"EncounterPreset.ResetCamera","","crwdns7052:0crwdne7052:0"
"GalaxyPreset.IncludeDarkMatter","","crwdns7053:0crwdne7053:0"
"GalaxyPreset.NumberOfParticles","","crwdns7054:0crwdne7054:0"
"GalaxyPreset.NumberDMParticles","","crwdns7055:0crwdne7055:0"
"GalaxyPreset.RelativeSize","","crwdns7056:0crwdne7056:0"
"GalaxyPreset.GalaxyType","","crwdns7057:0crwdne7057:0"
"GalaxyPreset.SpiralArms","","crwdns7058:0crwdne7058:0"
"GalaxyPreset.ArmAngle","","crwdns7059:0crwdne7059:0"
"GalaxyPreset.NumOfGalaxies","","crwdns7060:0crwdne7060:0"
"GalaxyPreset.RandomOrientation","","crwdns7061:0crwdne7061:0"
"GridPreset.ObjType","","crwdns7062:0crwdne7062:0"
"GridPreset.Seed","","crwdns7063:0crwdne7063:0"
"GridPreset.MassMin","","crwdns7064:0crwdne7064:0"
"GridPreset.MassMax","","crwdns7065:0crwdne7065:0"
"GridPreset.DensityMin","","crwdns7066:0crwdne7066:0"
"GridPreset.DensityMax","","crwdns7067:0crwdne7067:0"
"GridPreset.TempMin","","crwdns7068:0crwdne7068:0"
"GridPreset.TempMax","","crwdns7069:0crwdne7069:0"
"GridPreset.Gravity","","crwdns7070:0crwdne7070:0"
"GridPreset.AllMaterials","","crwdns7071:0crwdne7071:0"
"GridPreset.LogMass","","crwdns7072:0crwdne7072:0"
"GridPreset.LogTemp","","crwdns7073:0crwdne7073:0"
"GridPreset.LogDensity","","crwdns7074:0crwdne7074:0"
"GridPreset.ResetCamera","","crwdns7075:0crwdne7075:0"
"RandomSystemChildGroup.ExplosionAutoVelocity","","crwdns7076:0crwdne7076:0"
"RandomSystemChildGroup.ExplosionVelocity","","crwdns7077:0crwdne7077:0"
"RandomSystemChildGroup.ExplosionVelocity_TOOLTIP","","crwdns7078:0crwdne7078:0"
"RandomSystemChildGroup.GridResolution","","crwdns7079:0crwdne7079:0"
"RandomSystemChildGroup.MaxInclination","","crwdns7080:0crwdne7080:0"
"RandomSystemChildGroup.MinDistanceByParentRadius","","crwdns7081:0crwdne7081:0"
"RandomSystemChildGroup.MaxDistanceByParentRadius","","crwdns7082:0crwdne7082:0"
"RandomSystemPreset.Seed","","crwdns7083:0crwdne7083:0"
"RandomSystemPreset.RandomizeSeed","","crwdns7084:0crwdne7084:0"
"RandomSystemPreset.CenterBody","","crwdns7085:0crwdne7085:0"
"RandomSystemPreset.MaxInclination","","crwdns7086:0crwdne7086:0"
"RandomSystemPreset.MinPlanetDistanceByStarRadius","","crwdns7087:0crwdne7087:0"
"RandomSystemPreset.MaxPlanetDistanceByStarRadius","","crwdns7088:0crwdne7088:0"
"RandomSystemPreset.VelocityUp","","crwdns7089:0crwdne7089:0"
"RandomSystemPreset.ResetCamera","","crwdns7090:0crwdne7090:0"
"RandomSystemPreset.ShowTrails","","crwdns7091:0crwdne7091:0"
"RingPreset.ColorMode","","crwdns7092:0crwdne7092:0"
"RingPreset.Color","","crwdns7093:0crwdne7093:0"
"RingPreset.RingTexture","","crwdns7094:0crwdne7094:0"
"RingPreset.Material","","crwdns7095:0crwdne7095:0"
"RingPreset.TextureColorThreshold","","crwdns7096:0crwdne7096:0"
"SimulationPreset.MergeWithExistingSim","","crwdns7097:0crwdne7097:0"
"SimulationPreset.OpenTutorialOnLoad","","crwdns7098:0crwdne7098:0"
"SimulationPreset.StartDate","","crwdns7099:0crwdne7099:0"
"UserSimulationPreset.StartDate","","crwdns7100:0crwdne7100:0"
"SolarSystemPreset.InitDate","","crwdns7101:0crwdne7101:0"
"SolarSystemPreset.AsteroidsAndDwarfs","","crwdns7102:0crwdne7102:0"
"SolarSystemPreset.MoonOptions","","crwdns7103:0crwdne7103:0"
"SolarSystemPreset.RingOptions","","crwdns7104:0crwdne7104:0"
"SolarSystemPreset.ResetCamera","","crwdns7105:0crwdne7105:0"
"SolarSystemPreset.TimeStepMode","","crwdns7106:0crwdne7106:0"
"Budget.MaxAttracting","","crwdns7107:0crwdne7107:0"
"Budget.MaxAttracting_TOOLTIP","","crwdns7108:0crwdne7108:0"
"Budget.MaxNonAttracting","","crwdns7109:0crwdne7109:0"
"Budget.MaxNonAttracting_TOOLTIP","","crwdns7110:0crwdne7110:0"
"Budget.Reduction","","crwdns7111:0crwdne7111:0"
"Budget.Reduction_TOOLTIP","","crwdns7112:0crwdne7112:0"
"Budget.ReductionPercent","","crwdns7113:0crwdne7113:0"
"Budget.ReductionPercent_TOOLTIP","","crwdns7114:0crwdne7114:0"
"BudgetContext.RingsAndBelts","","crwdns7115:0crwdne7115:0"
"BudgetContext.CollisionFragmentation","","crwdns7116:0crwdne7116:0"
"BudgetContext.RocheFragmentation","","crwdns7117:0crwdne7117:0"
"BudgetContext.ExplosionFragmentation","","crwdns7118:0crwdne7118:0"
"BudgetContext.FrictionFragmentation","","crwdns7119:0crwdne7119:0"
"BudgetContext.VolatileFragmentation","","crwdns7120:0crwdne7120:0"
"FPSCounter.AverageOverSeconds","","crwdns7121:0crwdne7121:0"
"OrbitalElementsSimpleStruct.SemiMajorAxis","","crwdns7122:0crwdne7122:0"
"OrbitalElementsSimpleStruct.Eccentricity","","crwdns7123:0crwdne7123:0"
"OrbitalElementsSimpleStruct.Inclination","","crwdns7124:0crwdne7124:0"
"OrbitalElementsSimpleStruct.ArgOfPerigee","","crwdns7125:0crwdne7125:0"
"OrbitalElementsSimpleStruct.RightAscOfAscNode","","crwdns7126:0crwdne7126:0"
"OrbitalElementsSimpleStruct.MeanAnomaly","","crwdns7127:0crwdne7127:0"
"OrbitalElementsStruct.SemiMajorAxis","","crwdns7128:0crwdne7128:0"
"OrbitalElementsStruct.Eccentricity","","crwdns7129:0crwdne7129:0"
"OrbitalElementsStruct.Inclination","","crwdns7130:0crwdne7130:0"
"OrbitalElementsStruct.ArgOfPerigee","","crwdns7131:0crwdne7131:0"
"OrbitalElementsStruct.RightAscOfAscNode","","crwdns7132:0crwdne7132:0"
"OrbitalElementsStruct.MeanAnomaly","","crwdns7133:0crwdne7133:0"
"OrbitalElementsStruct.PeriapsisDist","","crwdns7134:0crwdne7134:0"
"OrbitalElementsStruct.ApoapsisDist","","crwdns7135:0crwdne7135:0"
"OrbitalElementsStruct.OrbitalPeriod","","crwdns7136:0crwdne7136:0"
"RocketSimpleStruct.FuelMass","","crwdns7137:0crwdne7137:0"
"RocketSimpleStruct.RocketMass","","crwdns7138:0crwdne7138:0"
"RocketSimpleStruct.Inclination","","crwdns7139:0crwdne7139:0"
"RocketSimpleStruct.DragCoefficient","","crwdns7140:0crwdne7140:0"
"RocketSimpleStruct.RhoAirDensity","","crwdns7141:0crwdne7141:0"
"RocketSimpleStruct.RocketArea","","crwdns7142:0crwdne7142:0"
"RocketSimpleStruct.LaunchRodLength","","crwdns7143:0crwdne7143:0"
"RocketSimpleStruct.EngineThrust","","crwdns7144:0crwdne7144:0"
"RocketSimpleStruct.FuelBurnRate","","crwdns7145:0crwdne7145:0"
"RocketStruct.Name","","crwdns7146:0crwdne7146:0"
"RocketStruct.FuelMass","","crwdns7147:0crwdne7147:0"
"RocketStruct.FuelBurnRate","","crwdns7148:0crwdne7148:0"
"RocketStruct.RocketRadius","","crwdns7149:0crwdne7149:0"
"RocketStruct.RocketMass","","crwdns7150:0crwdne7150:0"
"RocketStruct.CurrentMass","","crwdns7151:0crwdne7151:0"
"RocketStruct.TimePassed","","crwdns7152:0crwdne7152:0"
"RocketStruct.Inclination","","crwdns7153:0crwdne7153:0"
"RocketStruct.DragCoefficient","","crwdns7154:0crwdne7154:0"
"RocketStruct.RhoAirDensity","","crwdns7155:0crwdne7155:0"
"RocketStruct.RocketArea","","crwdns7156:0crwdne7156:0"
"RocketStruct.LaunchRodLength","","crwdns7157:0crwdne7157:0"
"RocketStruct.EngineThrust","","crwdns7158:0crwdne7158:0"
"RocketStruct.SpecificImpulse","","crwdns7159:0crwdne7159:0"
"RocketStruct.MassLoss","","crwdns7160:0crwdne7160:0"
"RocketStruct.Stages","","crwdns7161:0crwdne7161:0"
"RocketStruct.StageMass","","crwdns7162:0crwdne7162:0"
"RocketStruct.StageTime","","crwdns7163:0crwdne7163:0"
"RocketStruct.Distance","","crwdns7164:0crwdne7164:0"
"RocketStruct.Velocity","","crwdns7165:0crwdne7165:0"
"Tweakables.DebugExplosionSpheres","","crwdns7166:0crwdne7166:0"
"Tweakables.DebugSingleSelectComplexParticles","","crwdns7167:0crwdne7167:0"
"Tweakables.DebugShowUntranslated","","crwdns7168:0crwdne7168:0"
"TouchScreenGestures.IsFramerateIndependent","","crwdns7169:0crwdne7169:0"
"NBodyComponent.GravityGroup","","crwdns7170:0crwdne7170:0"
"NBodyComponent.RocheLobeRadius","","crwdns7171:0crwdne7171:0"
"NBodyComponent.RocheLobeRadius_TOOLTIP","","crwdns7172:0crwdne7172:0"
"NBodyComponent.TidalStressDirection","","crwdns7173:0crwdne7173:0"
"NBodyComponent.TidalStressDirection_TOOLTIP","","crwdns7174:0crwdne7174:0"
"NBodyComponent.TidalStressMagnitude","","crwdns7175:0crwdne7175:0"
"NBodyComponent.TidalStressMagnitude_TOOLTIP","","crwdns7176:0crwdne7176:0"
"NBodyComponent.TidalHeatingEffect","","crwdns7177:0crwdne7177:0"
"NBodyComponent.TidalHeatingEffect_TOOLTIP","","crwdns7178:0crwdne7178:0"
"NBodyComponent.TidalHeatingEffectPerMass","","crwdns7179:0crwdne7179:0"
"NBodyComponent.TidalHeatingEffectPerMass_TOOLTIP","","crwdns7180:0crwdne7180:0"
"TransformComponent.DistanceToCamera","","crwdns7181:0crwdne7181:0"
"VRLaser.Power","","crwdns7182:0crwdne7182:0"
"VRLaser.Wavelength","","crwdns7183:0crwdne7183:0"
"VROptions.ScreenshotFOV","","crwdns7184:0crwdne7184:0"
"VROptions.ScreenshotFOV_TOOLTIP","","crwdns7185:0crwdne7185:0"
"VROptions.EnableCameraSmoothing","","crwdns7186:0crwdne7186:0"
"VROptions.EnableCameraSmoothing_TOOLTIP","","crwdns7187:0crwdne7187:0"
"VROptions.ObserverFOV","","crwdns7188:0crwdne7188:0"
"VROptions.ObserverFOV_TOOLTIP","","crwdns7189:0crwdne7189:0"
"VROptions.CameraSmoothingValue","","crwdns7190:0crwdne7190:0"
"VROptions.CameraSmoothingValue_TOOLTIP","","crwdns7191:0crwdne7191:0"
"VROptions.FocusSimCenterOnStart","","crwdns7192:0crwdne7192:0"
"VROptions.FocusSimCenterOnStart_TOOLTIP","","crwdns7193:0crwdne7193:0"
"VROptions.EnableHaptics","","crwdns7194:0crwdne7194:0"
"VROptions.EnableHaptics_TOOLTIP","","crwdns7195:0crwdne7195:0"
"VROptions.EnableVRExperience","","crwdns7196:0crwdne7196:0"
"VROptions.EnableVRExperience_TOOLTIP","","crwdns7197:0crwdne7197:0"
"VROptions.AutoGraphics","","crwdns7198:0crwdne7198:0"
"VROptions.AutoGraphics_TOOLTIP","","crwdns7199:0crwdne7199:0"
"VROptions.EnableSeatedMode","","crwdns7200:0crwdne7200:0"
"VROptions.EnableSeatedMode_TOOLTIP","","crwdns7201:0crwdne7201:0"
"VROptions.GameViewQuality","","crwdns7202:0crwdne7202:0"
"VROptions.GameViewQuality_TOOLTIP","","crwdns7203:0crwdne7203:0"
"VROptions.AutoHideGUI","","crwdns7204:0crwdne7204:0"
"VROptions.AutoHideGUI_TOOLTIP","","crwdns7205:0crwdne7205:0"
"VROptions.DisableGUITimeoutSecs","","crwdns7206:0crwdne7206:0"
"VROptions.DisableGUITimeoutSecs_TOOLTIP","","crwdns7207:0crwdne7207:0"
"VROptions.OculusAimAngle","","crwdns7208:0crwdne7208:0"
"VROptions.OculusAimAngle_TOOLTIP","","crwdns7209:0crwdne7209:0"
"VROptions.ViveAimAngle","","crwdns7210:0crwdne7210:0"
"VROptions.ViveAimAngle_TOOLTIP","","crwdns7211:0crwdne7211:0"
"PageBarycenter.TotalMass","","crwdns7212:0crwdne7212:0"
"PageBarycenter.TotalVelocity","","crwdns7213:0crwdne7213:0"
"PageBasicParticle.Mass","","crwdns7214:0crwdne7214:0"
"ProfilerProxy.DataGraph","","crwdns7215:0crwdne7215:0"
"ProfilerProxy.DataGraph_TOOLTIP","","crwdns7216:0crwdne7216:0"
"PageScreenshot.AspectW","","crwdns7217:0crwdne7217:0"
"PageScreenshot.AspectH","","crwdns7218:0crwdne7218:0"
"PageTimeControls.IsEnabled","","crwdns7219:0crwdne7219:0"
"PageTimeSettings.TimeZone","","crwdns7220:0crwdne7220:0"
"PageVideoCapture.Resolution","","crwdns7221:0crwdne7221:0"
"PageVideoCapture.Resolution_TOOLTIP","","crwdns7222:0crwdne7222:0"
"PageVideoCapture.GIFDesiredFPS","","crwdns7223:0crwdne7223:0"
"PageVideoCapture.GIFDesiredFPS_TOOLTIP","","crwdns7224:0crwdne7224:0"
"UICanvasScaler.AutoScale","","crwdns7225:0crwdne7225:0"
"UICanvasScaler.AutoScale_TOOLTIP","","crwdns7226:0crwdne7226:0"
